{
        "stock" : [
       {
           "#" :1 ,
           "name" : "Rice",
           "quantity" : 10,
           "unit" : "kilo Gram",
           "department" : "Grocery",
           "notes" :"Nirapara"
       },


       {
        "#" : 2,
        "name" : "Sugar",
        "quantity" : 3,
        "unit" : "kilo Gram ",
        "department" : "Grocery",
        "notes" :"White Sugar"
    },

    {
        "#" :3 ,
        "name" :"Green Gram",
        "quantity" :1,
        "unit" : "kilo Gram",
        "department" : "Grocery",
        "notes" :"Fresh"
    },

    {
        "#" :4,
        "name" : "Cooking Oil",
        "quantity" : 2,
        "unit" : "Litre",
        "department" : "Grocery",
        "notes" :"Sunflower"
    },

    {
        "#" :5 ,
        "name" :"Biscuits",
        "quantity" : 4,
        "unit" : "Packets",
        "department" : "Snacks",
        "notes" :"Buy 4 packets"
    }

   ]
}